Filename,Content
6-14msg3.txt,"Subject: freshest email - address - ( pro newbie )

is one offer ! ! ! ! ! build business higher level ? "" list clean ! duplicate , embed space , trail embed white noise character , 96 % gathered 3 weeks . garbage address one ' @ ' character , embed parenthesis ' ( ' ' ) ' , address begin non-valid character ( . . address must begin 0 - 9 a-z ) "" * * * ( happen order list future , please send name file contain e-mail address , , win duplicate re-order ! guarantee ! ) * happen order complete database , ' ll include four demo - e - mail blaster software title available send cd rom ( let 's send 120 , 0 message / hour along complete report trick title ( mach10 , stealth , direct mail , etc . , tip avoid isp cancel due unsolicit mail ) = = = = = = = = = = = = = = = = = = = = = = = = = = = = = = = = = = = = = = = = = = = = = = = = = = = = = = = = = = here 's sample validity our aol 's e - mail address mrbrown228 @ aol . com mrbrowncan @ aol . com mrbruce432 @ aol . com mrbruce @ aol . com mrbrun @ aol . com mrbrutals @ aol . com mrbrwne408 @ aol . com mrbryguy @ aol . com mrbs1038 @ aol . com mrbsmal @ aol . com mrbtrader @ aol . com mrbubb382 @ aol . com * note ' re extract same aol user enter originally . our address 99 % valid deliverable . ' re extract latest database selection / filter . = = = = = = = = = = = = = = = = = = = = = = = = = = = = e-mailing send minute even seconds . computer future , even our child operate . every business possibly associate computer . even , otherwise read e-mail . over 65 million e-mail address through internet exchange . order sell product , advertise . order buy , advertise . alway need customer . better customer need ? through e-mail . faster send ad , letter flyer postage charge million million ? through e-mail . fact prove advertise business likely succeed one advertise . several reason why try method ; 's low-cost , bring client , increase profit , never trip post office wait line . pleasure want . advantage . . method help thousand business , whether 's home - base business large multus - million dollar corporation . matter . offer 4 million e-mail address over country . 300 , 0 e-mail address $ 15 . 0 reasonable price , 's guarantee . each additional 300 , 0 e-mail address add $ 10 . 0 . spend $ 15 . 0 believe 's worth every penny . , dare try profit . contact want purchase our whole 4 million address database . perhap wonder person many e-mail address little money . hand , must scam , current listing . believe must beat competitor customer 100 % satisfaction . , lose . over 3 million address , include yours . = = = = = = = = = = = = = = = = = = = = = = = = = = = = = = = = = = = = = * order aol 's complete database / non aol 's both , save ! ! complete 2 million aol 's select address : $ 50 complete 2 million non - aol address : $ 50 both aol 's non - aol 's database : $ 90 over 5 million address , include yours ! ! = = = = = = = = = = = = = = = = = = = = = = = = = = = = = = = = = = = please send check money order made payable : raul mendez 50 lexington av . suite 209 york , york 10010 - usa money order order mail / email same day receive . * question please call 212-591 - 2447 ask raul . = = = = = = = = = = = = = = = = = = = = = = = = = = = = = = = = = = = = = = = = = * please include name address order returned within 2 - 4 days . choose e-mail please include e-mail address . ( same day service ) ( $ 15 order / 300 , 0 address . ) * whole fresh 4 million database ship cd rom , priority mail , along demo least 4 software title capable send ad amaze speed . * * ( happen order list future , please send name file contain e-mail address , , win duplicate re-order ! guarantee ! ) product / service comply u . s . postal lottery laws . title 18 sections 1302 1341 specifically states : "" products services must exchanged money recieved . ""
"
6-110msg1.txt,
9-63msg1.txt,
spmsga95.txt,
6-97msg1.txt,
8-887msg1.txt,
spmsgb16.txt,
6-830msg1.txt,
9-612msg1.txt,
spmsga161.txt,
spmsgc135.txt,
6-113msg2.txt,
6-829msg3.txt,
spmsga130.txt,
spmsgc119.txt,
spmsga65.txt,
3-390msg0.txt,
3-389msg1.txt,
spmsgc133.txt,
5-1318msg2.txt,
spmsgb77.txt,
spmsgc68.txt,
3-378msg5.txt,
8-840msg1.txt,
6-1msg1.txt,
6-68msg1.txt,
5-1315msg2.txt,
spmsgc37.txt,
6-455msg1.txt,
6-50msg0.txt,
spmsgc74.txt,
6-425msg3.txt,
6-55msg1.txt,
spmsgb3.txt,
spmsga163.txt,
6-266msg1.txt,
5-1304msg1.txt,
6-248msg1.txt,
spmsga146.txt,
8-922msg3.txt,
6-76msg1.txt,
6-64msg1.txt,
6-146msg1.txt,
spmsgc130.txt,
spmsgc102.txt,
6-256msg1.txt,
8-922msg1.txt,
spmsgc104.txt,
5-1300msg3.txt,
spmsgb106.txt,
spmsgb24.txt,
8-972msg1.txt,
8-951msg1.txt,
spmsga35.txt,
spmsgb152.txt,
3-380msg6.txt,
6-380msg1.txt,
9-87msg1.txt,
spmsgc46.txt,
6-430msg5.txt,
5-1307msg1.txt,
spmsga117.txt,
spmsga73.txt,
spmsgc146.txt,
spmsgb157.txt,
9-98msg1.txt,
8-963msg1.txt,
6-813msg1.txt,
spmsgb139.txt,
6-119msg1.txt,
spmsga36.txt,
spmsgc44.txt,
spmsgc144.txt,
8-873msg1.txt,
8-861msg1.txt,
spmsgb103.txt,
spmsgb142.txt,
6-257msg1.txt,
spmsgc62.txt,
spmsgc99.txt,
6-250msg1.txt,
spmsgc117.txt,
5-1307msg2.txt,
6-93msg1.txt,
spmsga23.txt,
8-922msg2.txt,
8-864msg1.txt,
8-846msg1.txt,
5-1298msg1.txt,
8-901msg1.txt,
spmsga55.txt,
3-380msg4.txt,
spmsga66.txt,
spmsgc109.txt,
8-879msg1.txt,
9-1295msg1.txt,
3-384msg3.txt,
9-64msg1.txt,
8-987msg1.txt,
spmsgc35.txt,
9-6msg2.txt,
spmsgc17.txt,
8-809msg1.txt,
9-126msg1.txt,
spmsgc94.txt,
9-1275msg1.txt,
6-255msg5.txt,
spmsga126.txt,
3-387msg1.txt,
spmsgc13.txt,
8-912msg1.txt,
6-118msg1.txt,
6-801msg3.txt,
6-454msg1.txt,
spmsga12.txt,
3-391msg1.txt,
5-1337msg1.txt,
5-1315msg5.txt,
5-1328msg2.txt,
6-36msg1.txt,
spmsgc24.txt,
spmsga51.txt,
spmsga148.txt,
spmsga151.txt,
spmsgc52.txt,
spmsga134.txt,
spmsga63.txt,
spmsgc25.txt,
9-153msg1.txt,
spmsgc56.txt,
6-833msg1.txt,
spmsgb116.txt,
3-385msg3.txt,
6-241msg3.txt,
spmsgb113.txt,
5-1322msg1.txt,
6-11msg1.txt,
6-42msg3.txt,
5-1326msg1.txt,
9-86msg2.txt,
6-425msg2.txt,
6-382msg1.txt,
spmsgc78.txt,
9-1266msg2.txt,
spmsgc86.txt,
6-80msg3.txt,
spmsgc40.txt,
spmsga68.txt,
spmsgc39.txt,
6-819msg1.txt,
6-57msg1.txt,
spmsgc5.txt,
spmsgc4.txt,
spmsga22.txt,
spmsgc38.txt,
6-273msg1.txt,
spmsgb108.txt,
spmsgc128.txt,
spmsgc110.txt,
spmsgb7.txt,
spmsgb44.txt,
6-80msg1.txt,
6-272msg1.txt,
spmsga11.txt,
spmsgc23.txt,
spmsga57.txt,
6-51msg1.txt,
spmsgc15.txt,
spmsga61.txt,
6-243msg1.txt,
9-617msg1.txt,
9-613msg1.txt,
spmsga114.txt,
6-255msg2.txt,
6-150msg1.txt,
spmsga147.txt,
spmsgb85.txt,
spmsga16.txt,
spmsgb132.txt,
6-50msg3.txt,
3-380msg2.txt,
spmsga70.txt,
spmsga150.txt,
3-385msg2.txt,
spmsgc87.txt,
spmsga7.txt,
8-820msg1.txt,
spmsgc84.txt,
6-126msg1.txt,
9-86msg1.txt,
spmsgb88.txt,
9-1267msg2.txt,
spmsgc112.txt,
6-42msg2.txt,
6-430msg2.txt,
5-1333msg1.txt,
spmsga39.txt,
spmsga31.txt,
3-387msg0.txt,
8-826msg1.txt,
spmsgb18.txt,
8-933msg2.txt,
9-72msg2.txt,
3-380msg5.txt,
6-7msg1.txt,
9-152msg1.txt,
8-898msg1.txt,
5-1331msg1.txt,
9-150msg1.txt,
spmsga141.txt,
8-838msg1.txt,
spmsga156.txt,
spmsga164.txt,
8-842msg1.txt,
6-80msg2.txt,
spmsga49.txt,
3-390msg1.txt,
9-607msg2.txt,
5-1298msg2.txt,
6-809msg3.txt,
3-392msg1.txt,
spmsgb138.txt,
6-10msg3.txt,
spmsgc55.txt,
6-802msg1.txt,
spmsgb82.txt,
6-806msg2.txt,
spmsgb107.txt,
9-597msg1.txt,
spmsgc85.txt,
5-1312msg1.txt,
spmsgb122.txt,
9-168msg1.txt,
6-801msg2.txt,
6-20msg1.txt,
spmsga155.txt,
6-21msg2.txt,
9-5msg1.txt,
spmsgc3.txt,
spmsga48.txt,
3-401msg1.txt,
8-865msg3.txt,
spmsgb28.txt,
spmsgb148.txt,
spmsga74.txt,
8-837msg2.txt,
6-15msg1.txt,
9-1293msg1.txt,
8-876msg2.txt,
9-1273msg1.txt,
spmsgc96.txt,
spmsga44.txt,
spmsga100.txt,
6-50msg2.txt,
6-52msg1.txt,
spmsga53.txt,
6-54msg1.txt,
spmsgb164.txt,
spmsgc19.txt,
9-72msg1.txt,
spmsgb90.txt,
9-138msg1.txt,
9-128msg1.txt,
spmsga78.txt,
6-245msg2.txt,
spmsgc34.txt,
6-81msg1.txt,
spmsgb12.txt,
spmsga9.txt,
6-381msg5.txt,
8-965msg1.txt,
spmsgc97.txt,
9-66msg1.txt,
6-122msg1.txt,
6-125msg1.txt,
spmsgc116.txt,
9-5msg2.txt,
spmsgb42.txt,
6-825msg2.txt,
8-875msg1.txt,
6-266msg3.txt,
spmsgc8.txt,
6-268msg1.txt,
spmsga86.txt,
spmsga29.txt,
spmsgc124.txt,
spmsgb117.txt,
6-45msg1.txt,
8-817msg3.txt,
spmsga32.txt,
6-241msg2.txt,
6-252msg1.txt,
6-74msg1.txt,
spmsgb11.txt,
8-896msg1.txt,
spmsgb118.txt,
9-1276msg1.txt,
spmsgc59.txt,
6-124msg1.txt,
spmsga17.txt,
spmsgb75.txt,
9-133msg2.txt,
8-876msg1.txt,
spmsgc88.txt,
6-113msg1.txt,
6-381msg1.txt,
8-863msg2.txt,
spmsgb145.txt,
8-859msg1.txt,
spmsgb109.txt,
6-132msg1.txt,
spmsgb79.txt,
5-1329msg1.txt,
5-1303msg2.txt,
spmsga94.txt,
spmsgb96.txt,
9-616msg1.txt,
spmsga19.txt,
9-621msg1.txt,
spmsga139.txt,
8-905msg2.txt,
3-395msg1.txt,
spmsgb87.txt,
spmsgb155.txt,
spmsgb86.txt,
8-828msg1.txt,
spmsgc120.txt,
5-1335msg1.txt,
6-813msg2.txt,
5-1316msg1.txt,
spmsgb40.txt,
8-984msg1.txt,
9-83msg1.txt,
spmsgb62.txt,
spmsgc70.txt,
spmsga67.txt,
spmsgb101.txt,
5-1315msg4.txt,
spmsgb84.txt,
spmsgc9.txt,
6-825msg1.txt,
6-10msg2.txt,
spmsgc71.txt,
spmsgc54.txt,
6-141msg1.txt,
9-142msg2.txt,
spmsgc33.txt,
spmsga143.txt,
spmsga24.txt,
9-59msg1.txt,
spmsgb22.txt,
spmsga28.txt,
8-885msg1.txt,
spmsgc79.txt,
spmsga43.txt,
9-157msg2.txt,
9-74msg1.txt,
6-41msg1.txt,
6-60msg1.txt,
spmsgb98.txt,
spmsgc107.txt,
spmsgc47.txt,
9-94msg2.txt,
spmsga30.txt,
9-1274msg1.txt,
spmsgb32.txt,
3-395msg2.txt,
6-33msg1.txt,
spmsgb160.txt,
5-1311msg3.txt,
5-1312msg3.txt,
6-802msg2.txt,
spmsgc134.txt,
spmsga69.txt,
spmsgc53.txt,
spmsgb166.txt,
8-907msg1.txt,
6-273msg3.txt,
spmsga157.txt,
3-375msg1.txt,
spmsgb100.txt,
8-835msg1.txt,
6-249msg1.txt,
3-383msg1.txt,
6-245msg1.txt,
spmsgb136.txt,
9-157msg1.txt,
6-96msg1.txt,
spmsga15.txt,
spmsga137.txt,
3-397msg1.txt,
6-270msg1.txt,
6-139msg1.txt,
spmsga2.txt,
6-453msg2.txt,
spmsgb29.txt,
spmsgc64.txt,
spmsgc98.txt,
spmsgb158.txt,
6-799msg1.txt,
spmsgc106.txt,
spmsgc101.txt,
6-829msg2.txt,
spmsgc123.txt,
6-292msg1.txt,
spmsga10.txt,
spmsga59.txt,
spmsga135.txt,
spmsgb52.txt,
3-1msg3.txt,
spmsga77.txt,
spmsgc41.txt,
6-16msg1.txt,
6-823msg1.txt,
6-806msg3.txt,
spmsgb154.txt,
spmsgb56.txt,
3-380msg3.txt,
8-815msg1.txt,
spmsgc57.txt,
6-4msg1.txt,
spmsgb58.txt,
6-89msg1.txt,
spmsgc75.txt,
spmsga105.txt,
9-1288msg1.txt,
spmsgb99.txt,
spmsgc16.txt,
6-108msg1.txt,
8-829msg1.txt,
spmsgc105.txt,
spmsga96.txt,
spmsgc69.txt,
9-71msg1.txt,
6-80msg5.txt,
spmsgc126.txt,
spmsgc31.txt,
9-597msg2.txt,
spmsgb37.txt,
3-387msg2.txt,
8-837msg1.txt,
spmsga82.txt,
spmsgb140.txt,
spmsgb70.txt,
9-147msg2.txt,
6-421msg1.txt,
spmsgb60.txt,
9-625msg1.txt,
6-381msg2.txt,
spmsgb30.txt,
6-10msg1.txt,
3-390msg4.txt,
9-627msg1.txt,
spmsga91.txt,
3-402msg1.txt,
spmsga26.txt,
6-392msg1.txt,
9-142msg1.txt,
6-151msg3.txt,
5-1328msg3.txt,
3-379msg3.txt,
6-50msg1.txt,
6-255msg3.txt,
9-619msg1.txt,
spmsgc73.txt,
spmsgb45.txt,
6-72msg1.txt,
8-937msg1.txt,
3-384msg1.txt,
8-821msg1.txt,
spmsga8.txt,
5-1325msg1.txt,
spmsgc66.txt,
6-813msg3.txt,
8-895msg1.txt,
6-818msg1.txt,
spmsga25.txt,
6-112msg1.txt,
spmsga107.txt,
3-390msg2.txt,
spmsga136.txt,
spmsgb17.txt,
6-21msg1.txt,
5-1311msg2.txt,
spmsgc27.txt,
6-828msg1.txt,
8-899msg1.txt,
spmsgc18.txt,
spmsgb95.txt,
spmsgb20.txt,
6-455msg2.txt,
spmsga113.txt,
spmsgc103.txt,
spmsga106.txt,
spmsgb149.txt,
6-255msg1.txt,
5-1301msg1.txt,
9-627msg2.txt,
6-453msg1.txt,
spmsgc125.txt,
spmsgb1.txt,
6-15msg2.txt,
9-14msg1.txt,
spmsga129.txt,
spmsgb91.txt,
3-1msg1.txt,
spmsga50.txt,
6-113msg3.txt,
spmsgc115.txt,
spmsgc90.txt,
3-390msg5.txt,
8-933msg3.txt,
9-78msg1.txt,
spmsgc26.txt,
8-865msg2.txt,
spmsgb147.txt,
spmsgb76.txt,
8-887msg2.txt,
5-1312msg2.txt,
5-1300msg2.txt,
spmsgc42.txt,
9-1294msg1.txt,
6-251msg1.txt,
3-378msg1.txt,
8-881msg1.txt,
spmsgb146.txt,
6-430msg4.txt,
6-825msg3.txt,
spmsgb135.txt,
spmsgc61.txt,
9-6msg1.txt,
spmsga6.txt,
8-817msg1.txt,
spmsga97.txt,
spmsga13.txt,
spmsgc50.txt,
spmsga124.txt,
9-94msg1.txt,
8-916msg1.txt,
spmsgc43.txt,
spmsga142.txt,
spmsgb13.txt,
spmsga42.txt,
spmsgc32.txt,
6-828msg2.txt,
9-606msg1.txt,
8-828msg2.txt,
9-147msg1.txt,
6-430msg3.txt,
spmsgc81.txt,
spmsgc92.txt,
spmsga80.txt,
6-474msg1.txt,
9-15msg2.txt,
spmsgb38.txt,
9-133msg1.txt,
6-61msg1.txt,
9-138msg2.txt,
6-266msg2.txt,
8-814msg1.txt,
6-806msg1.txt,
9-1266msg1.txt,
spmsga85.txt,
9-154msg1.txt,
6-4msg3.txt,
spmsga154.txt,
spmsgc14.txt,
9-607msg1.txt,
6-107msg2.txt,
6-151msg1.txt,
6-430msg1.txt,
9-167msg1.txt,
spmsgc36.txt,
spmsga87.txt,
9-608msg2.txt,
spmsgb151.txt,
spmsga76.txt,
spmsgb68.txt,
5-1332msg1.txt,
5-1315msg1.txt,
spmsgb94.txt,
spmsga125.txt,
spmsga122.txt,
8-871msg1.txt,
8-824msg1.txt,
3-378msg2.txt,
spmsga159.txt,
6-14msg2.txt,
spmsga145.txt,
8-858msg1.txt,
8-811msg2.txt,
spmsgc10.txt,
spmsgb54.txt,
8-872msg1.txt,
6-21msg3.txt,
8-845msg1.txt,
spmsga101.txt,
spmsga64.txt,
spmsgc7.txt,
spmsga40.txt,
6-829msg1.txt,
9-78msg2.txt,
3-384msg0.txt,
spmsga5.txt,
spmsgb105.txt,
8-931msg1.txt,
6-293msg1.txt,
spmsgb131.txt,
5-1303msg1.txt,
3-380msg1.txt,
spmsgb127.txt,
spmsgb74.txt,
5-1298msg3.txt,
spmsgb167.txt,
9-61msg1.txt,
6-120msg1.txt,
spmsgc113.txt,
8-949msg2.txt,
6-75msg1.txt,
9-1267msg1.txt,
spmsgb97.txt,
9-1262msg1.txt,
spmsga108.txt,
9-1296msg1.txt,
9-1264msg1.txt,
5-1328msg1.txt,
6-73msg1.txt,
spmsgb104.txt,
6-7msg3.txt,
8-987msg2.txt,
spmsga62.txt,
spmsga90.txt,
3-1msg2.txt,
spmsgb163.txt,
spmsgb124.txt,
8-874msg1.txt,
5-1307msg3.txt,
spmsgb23.txt,
spmsgc77.txt,
6-809msg1.txt,
9-621msg2.txt,
spmsgc91.txt,
6-22msg1.txt,
6-14msg1.txt,
5-1315msg3.txt,
6-7msg2.txt,
6-823msg2.txt,
spmsgc1.txt,
8-867msg1.txt,
spmsga140.txt,
9-154msg2.txt,
8-972msg2.txt,
9-74msg2.txt,
spmsgc45.txt,
spmsga152.txt,
6-255msg4.txt,
spmsga37.txt,
spmsgb93.txt,
spmsga14.txt,
6-281msg1.txt,
8-930msg1.txt,
9-88msg1.txt,
8-836msg1.txt,
3-390msg3.txt,
6-245msg3.txt,
6-107msg1.txt,
5-1321msg1.txt,
9-15msg1.txt,
9-146msg1.txt,
9-1263msg1.txt,
8-863msg1.txt,
9-1290msg1.txt,
spmsga60.txt,
spmsgb78.txt,
spmsga71.txt,
8-956msg1.txt,
spmsgb141.txt,
spmsgb71.txt,
spmsgb66.txt,
9-159msg1.txt,
6-267msg1.txt,
6-150msg3.txt,
6-150msg2.txt,
6-42msg1.txt,
spmsga116.txt,
spmsgc82.txt,
9-628msg1.txt,
6-80msg4.txt,
spmsga121.txt,
8-933msg1.txt,
spmsga33.txt,
8-833msg1.txt,
6-820msg1.txt,
spmsga47.txt,
spmsga128.txt,
spmsga72.txt,
spmsga165.txt,
spmsga83.txt,
6-453msg0.txt,
3-392msg0.txt,
8-905msg1.txt,
6-107msg3.txt,
3-384msg2.txt,
8-900msg1.txt,
spmsga54.txt,
spmsga18.txt,
9-88msg2.txt,
spmsgb34.txt,
8-923msg1.txt,
spmsga21.txt,
spmsga158.txt,
spmsgc2.txt,
3-378msg3.txt,
spmsgc12.txt,
9-83msg2.txt,
spmsgc49.txt,
spmsgb110.txt,
spmsgc111.txt,
spmsgc122.txt,
8-965msg2.txt,
spmsgb156.txt,
9-1292msg1.txt,
spmsga88.txt,
5-1300msg1.txt,
spmsgb36.txt,
3-378msg4.txt,
spmsgb61.txt,
8-844msg1.txt,
spmsga98.txt,
spmsgb165.txt,
spmsgc60.txt,
6-248msg3.txt,
spmsgb4.txt,
spmsga111.txt,
spmsga34.txt,
6-832msg1.txt,
6-77msg1.txt,
8-949msg1.txt,
spmsgb121.txt,
5-1330msg1.txt,
6-134msg1.txt,
spmsgc58.txt,
6-31msg1.txt,
9-64msg2.txt,
3-383msg0.txt,
3-385msg1.txt,
spmsgc67.txt,
5-1318msg3.txt,
spmsga112.txt,
9-162msg1.txt,
spmsgb112.txt,
6-473msg1.txt,
3-379msg1.txt,
8-817msg2.txt,
8-863msg3.txt,
6-248msg2.txt,
spmsgb126.txt,
8-878msg1.txt,
9-608msg1.txt,
5-1338msg1.txt,
spmsgc20.txt,
spmsgb143.txt,
spmsgb55.txt,
9-152msg2.txt,
3-398msg1.txt,
6-809msg2.txt,
spmsgc95.txt,
8-936msg1.txt,
6-82msg1.txt,
6-109msg1.txt,
6-65msg1.txt,
spmsgb80.txt,
3-380msg7.txt,
spmsga104.txt,
spmsgc30.txt,
6-381msg3.txt,
6-15msg3.txt,
5-1318msg1.txt,
spmsgb115.txt,
spmsga99.txt,
9-140msg1.txt,
9-159msg2.txt,
spmsgc48.txt,
6-110msg3.txt,
6-801msg1.txt,
8-838msg2.txt,
6-831msg1.txt,
spmsgc121.txt,
spmsgb25.txt,
6-381msg4.txt,
spmsga153.txt,
spmsgc28.txt,
8-865msg1.txt,
spmsga118.txt,
5-1324msg1.txt,
8-890msg1.txt,
6-110msg2.txt,
9-1289msg1.txt,
8-894msg1.txt,
9-126msg2.txt,
spmsgc72.txt,
spmsga56.txt,
spmsgb72.txt,
6-798msg3.txt,
6-816msg1.txt,
spmsgc80.txt,
6-802msg0.txt,
8-828msg4.txt,
6-828msg3.txt,
5-1339msg1.txt,
spmsga41.txt,
6-254msg1.txt,
6-53msg1.txt,
spmsgc63.txt,
6-121msg1.txt,
5-1302msg1.txt,
6-271msg1.txt,
spmsgc108.txt,
spmsgb129.txt,
3-379msg2.txt,
spmsgb46.txt,
9-148msg1.txt,
spmsgb153.txt,
5-1311msg1.txt,
spmsgc29.txt,
6-338msg1.txt,
9-62msg1.txt,
8-893msg1.txt,
8-811msg1.txt,
6-273msg2.txt,
8-963msg2.txt,
spmsga1.txt,
spmsgb48.txt,
6-4msg2.txt,
8-897msg1.txt,
spmsgb102.txt,
8-925msg1.txt,
spmsgc114.txt,
spmsgb14.txt,
spmsgc118.txt,
spmsgb83.txt,
spmsgb81.txt,
5-1303msg3.txt,
9-612msg2.txt,
8-884msg1.txt,
spmsgc76.txt,
spmsgc100.txt,
spmsgc6.txt,
spmsgb64.txt,
spmsgb73.txt,
spmsga149.txt,
spmsga166.txt,
spmsgb33.txt,
spmsgb161.txt,
spmsgb2.txt,
9-79msg1.txt,
5-1327msg1.txt,
6-28msg1.txt,
spmsgb8.txt,
spmsgb63.txt,
spmsgc83.txt,
spmsgb168.txt,
6-151msg2.txt,
6-70msg1.txt,
8-892msg1.txt,
3-388msg1.txt,
8-828msg3.txt,
spmsgb9.txt,
spmsga79.txt,
spmsgc51.txt,
8-862msg1.txt,
spmsgb120.txt,
